Library Name,Plate location,Sample Index,Sequence File Name,X5,IlluminaIndex,Library Index,Plate ID,Genidaqs ID,SampleDate,Birth Year (HOBBS),X12,Stock Conc.,Units,DNA to add,H20 to add,X17,X18,Fork Length,X20,Sample_ID,Year,Survey,Number,X1,new_id,old_id,old_classes,aggregated_new_classes,change,new_classes,station,lat,lon,sex,File,Counts,R1,R2,Pheno
BMAG047,A12,AGTGGTCA,Ht18-89_2011_A12,Ht18-89,Index18,GTCCGC,2012-SFC_09_07,4990,5-Apr-12,2011,2,38.7,ng/킠,3.9,6.1,NA,3,68,NA,2012-SKT-4990,2012,SKT,4990,1499,2012_SKT_4990,2012_SKT_4990,MIG,MIG,0,FWM1,606,38.16938889,-122.022,2,Ht18-89_2011_A12_R1.sort.flt.bam,716304,Ht18-89_2011_A12_R1,Ht18-89_2011_A12_R2,0
BMAG047,B05,AAGGTACA,Ht18-34_2011_B05,Ht18-34,Index18,GTCCGC,2012-SFC_09_07,4997,5-Apr-12,2011,2,43.1,ng/킠,3.5,6.5,NA,3,65,NA,2012-SKT-4997,2012,SKT,4997,1500,2012_SKT_4997,2012_SKT_4997,MIG,MIG,0,FWM2,606,38.16938889,-122.022,1,Ht18-34_2011_B05_R1.sort.flt.bam,1108723,Ht18-34_2011_B05_R1,Ht18-34_2011_B05_R2,0
BMAG047,C06,CAACCACA,Ht18-43_2011_C06,Ht18-43,Index18,GTCCGC,2012-SFC_09_07,5017,5-Apr-12,2011,2,45.4,ng/킠,3.3,6.7,NA,3,70,NA,2012-SKT-5017,2012,SKT,5017,1503,2012_SKT_5017,2012_SKT_5017,MIG,MIG,0,FWM1,609,38.167744,-121.934369,2,Ht18-43_2011_C06_R1.sort.flt.bam,7076,Ht18-43_2011_C06_R1,Ht18-43_2011_C06_R2,0
BMAG047,C09,CACTTCGA,Ht18-67_2011_C09,Ht18-67,Index18,GTCCGC,2012-SFC_09_07,5027,5-Apr-12,2011,2,44.4,ng/킠,3.4,6.6,NA,6,66,NA,2012-SKT-5027,2012,SKT,5027,1504,2012_SKT_5027,2012_SKT_5027,MIG,MIG,0,FWM1,609,38.167744,-121.934369,2,Ht18-67_2011_C09_R1.sort.flt.bam,1405079,Ht18-67_2011_C09_R1,Ht18-67_2011_C09_R2,0
BMAG047,C12,CCAGTTCA,Ht18-91_2011_C12,Ht18-91,Index18,GTCCGC,2012-SFC_09_07,5031,5-Apr-12,2011,2,46.8,ng/킠,3.2,6.8,NA,3,70,NA,2012-SKT-5031,2012,SKT,5031,1505,2012_SKT_5031,2012_SKT_5031,MIG,MIG,0,FWM1,609,38.167744,-121.934369,2,Ht18-91_2011_C12_R1.sort.flt.bam,1595902,Ht18-91_2011_C12_R1,Ht18-91_2011_C12_R2,0
BMAG047,D04,CGAACTTA,Ht18-28_2011_D04,Ht18-28,Index18,GTCCGC,2012-SFC_09_07,5037,5-Apr-12,2011,2,120.6,ng/킠,1.2,8.8,NA,4,65,NA,2012-SKT-5037,2012,SKT,5037,1507,2012_SKT_5037,2012_SKT_5037,MIG,MIG,0,FWM1,610,38.167744,-121.934369,2,Ht18-28_2011_D04_R1.sort.flt.bam,534316,Ht18-28_2011_D04_R1,Ht18-28_2011_D04_R2,0
BMAG047,G05,AGCACCTC,Ht18-39_2011_G05,Ht18-39,Index18,GTCCGC,2012-SFC_09_07,5075,2-May-12,2011,2,93.9,ng/킠,1.6,8.4,NA,6,71,NA,2012-SKT-5075,2012,SKT,5075,1508,2012_SKT_5075,2012_SKT_5075,FWR,FWR,0,FWR1,716,38.24133333,-121.6856667,2,Ht18-39_2011_G05_R1.sort.flt.bam,509983,Ht18-39_2011_G05_R1,Ht18-39_2011_G05_R2,1
BMAG047,G07,AGGCTAAC,Ht18-55_2011_G07,Ht18-55,Index18,GTCCGC,2012-SFC_09_07,5078,2-May-12,2011,2,41,ng/킠,3.7,6.3,NA,6,68,NA,2012-SKT-5078,2012,SKT,5078,1509,2012_SKT_5078,2012_SKT_5078,FWR,FWR,0,FWR1,716,38.24133333,-121.6856667,2,Ht18-55_2011_G07_R1.sort.flt.bam,431670,Ht18-55_2011_G07_R1,Ht18-55_2011_G07_R2,1
BMAG047,G10,ATTGGCTC,Ht18-79_2011_G10,Ht18-79,Index18,GTCCGC,2012-SFC_09_07,5081,2-May-12,2011,1,38,ng/킠,4,6,NA,3,72,NA,2012-SKT-5081,2012,SKT,5081,1510,2012_SKT_5081,2012_SKT_5081,MIG,MIG,0,FWM1,716,38.24133333,-121.6856667,1,Ht18-79_2011_G10_R1.sort.flt.bam,1546001,Ht18-79_2011_G10_R1,Ht18-79_2011_G10_R2,0
BMAG047,G12,CACCTTAC,Ht18-95_2011_G12,Ht18-95,Index18,GTCCGC,2012-SFC_09_07,5083,2-May-12,2011,2,43.2,ng/킠,3.5,6.5,NA,6,68,NA,2012-SKT-5083,2012,SKT,5083,1511,2012_SKT_5083,2012_SKT_5083,FWR,FWR,0,FWR1,716,38.24133333,-121.6856667,2,Ht18-95_2011_G12_R1.sort.flt.bam,319044,Ht18-95_2011_G12_R1,Ht18-95_2011_G12_R2,1
BMAG047,H03,AGTCAAGC,Ht18-24_2011_H03,Ht18-24,Index18,GTCCGC,2012-SFC_09_07,5087,2-May-12,2011,1,42.8,ng/킠,3.5,6.5,NA,4,65,NA,2012-SKT-5087,2012,SKT,5087,1513,2012_SKT_5087,2012_SKT_5087,FWR,FWR,0,FWR1,716,38.24133333,-121.6856667,1,Ht18-24_2011_H03_R1.sort.flt.bam,640541,Ht18-24_2011_H03_R1,Ht18-24_2011_H03_R2,1
BMAG047,H06,CGGATTGC,Ht18-48_2011_H06,Ht18-48,Index18,GTCCGC,2012-SFC_09_07,5090,2-May-12,2011,2,160.6,ng/킠,1,9,NA,6,70,NA,2012-SKT-5090,2012,SKT,5090,1514,2012_SKT_5090,2012_SKT_5090,MIG,MIG,0,FWM1,716,38.24133333,-121.6856667,2,Ht18-48_2011_H06_R1.sort.flt.bam,549333,Ht18-48_2011_H06_R1,Ht18-48_2011_H06_R2,0
BMAG047,H09,GACAGTGC,Ht18-72_2011_H09,Ht18-72,Index18,GTCCGC,2012-SFC_09_07,5095,2-May-12,2011,1,40.7,ng/킠,3.7,6.3,NA,4,70,NA,2012-SKT-5095,2012,SKT,5095,1515,2012_SKT_5095,2012_SKT_5095,MIG,MIG,0,FWM1,716,38.24133333,-121.6856667,1,Ht18-72_2011_H09_R1.sort.flt.bam,264143,Ht18-72_2011_H09_R1,Ht18-72_2011_H09_R2,0
BMAG047,H11,GATGAATC,Ht18-88_2011_H11,Ht18-88,Index18,GTCCGC,2012-SFC_09_07,5097,2-May-12,2011,1,38.6,ng/킠,3.9,6.1,NA,4,63,NA,2012-SKT-5097,2012,SKT,5097,1516,2012_SKT_5097,2012_SKT_5097,MIG,MIG,0,FWM1,716,38.24133333,-121.6856667,1,Ht18-88_2011_H11_R1.sort.flt.bam,1062814,Ht18-88_2011_H11_R1,Ht18-88_2011_H11_R2,0
BMAG047,H12,GCCAAGAC,Ht18-96_2011_H12,Ht18-96,Index18,GTCCGC,2012-SFC_09_07,5098,2-May-12,2011,2,38.4,ng/킠,3.9,6.1,NA,6,69,NA,2012-SKT-5098,2012,SKT,5098,1517,2012_SKT_5098,2012_SKT_5098,MIG,MIG,0,FWM1,716,38.24133333,-121.6856667,2,Ht18-96_2011_H12_R1.sort.flt.bam,756074,Ht18-96_2011_H12_R1,Ht18-96_2011_H12_R2,0
BMAG048,A05,AACGTGAT,Ht20-33_2012_A05,Ht20-33,Index20,GTGGCC,SFC_09_10,6196,7-Feb-13,2012,NA,23.04,ng/킠,6.5,3.5,NA,NA,72,NA,2013-SKT-6196,2013,SKT,6196,1524,2013_SKT_6196,2013_SKT_6196,MIG,MIG,0,FWM1,508,38.04719444,-121.923,1,Ht20-33_2012_A05_R1.sort.flt.bam,1120762,Ht20-33_2012_A05_R1,Ht20-33_2012_A05_R2,0
BMAG048,A06,CGCTGATC,Ht20-41_2012_A06,Ht20-41,Index20,GTGGCC,SFC_09_10,6198,7-Feb-13,2012,NA,41.21,ng/킠,3.6,6.4,NA,NA,72,NA,2013-SKT-6198,2013,SKT,6198,1525,2013_SKT_6198,2013_SKT_6198,MIG,MIG,0,FWM1,606,38.16938889,-122.022,1,Ht20-41_2012_A06_R1.sort.flt.bam,746085,Ht20-41_2012_A06_R1,Ht20-41_2012_A06_R2,0
BMAG048,A08,ATGCCTAA,Ht20-57_2012_A08,Ht20-57,Index20,GTGGCC,SFC_09_10,6205,7-Feb-13,2012,NA,42.24,ng/킠,3.6,6.4,NA,NA,70,NA,2013-SKT-6205,2013,SKT,6205,1527,2013_SKT_6205,2013_SKT_6205,MIG,MIG,0,FWM2,606,38.16938889,-122.022,2,Ht20-57_2012_A08_R1.sort.flt.bam,3292251,Ht20-57_2012_A08_R1,Ht20-57_2012_A08_R2,0
BMAG048,A10,AGTACAAG,Ht20-73_2012_A10,Ht20-73,Index20,GTGGCC,SFC_09_10,6207,9-Jan-13,2012,NA,34.38,ng/킠,4.4,5.6,NA,NA,76,NA,2013-SKT-6207,2013,SKT,6207,1528,2013_SKT_6207,2013_SKT_6207,MIG,MIG,0,FWM1,707,38.11391667,-121.706,2,Ht20-73_2012_A10_R1.sort.flt.bam,407892,Ht20-73_2012_A10_R1,Ht20-73_2012_A10_R2,0
BMAG048,A11,CATCAAGT,Ht20-81_2012_A11,Ht20-81,Index20,GTGGCC,SFC_09_10,6208,9-Jan-13,2012,NA,37.94,ng/킠,4,6,NA,NA,69,NA,2013-SKT-6208,2013,SKT,6208,1529,2013_SKT_6208,2013_SKT_6208,MIG,MIG,0,FWM1,707,38.11391667,-121.706,1,Ht20-81_2012_A11_R1.sort.flt.bam,3433383,Ht20-81_2012_A11_R1,Ht20-81_2012_A11_R2,0
BMAG048,A12,AGTGGTCA,Ht20-89_2012_A12,Ht20-89,Index20,GTGGCC,SFC_09_10,6209,9-Jan-13,2012,NA,11.69,ng/킠,9,1,NA,NA,71,NA,2013-SKT-6209,2013,SKT,6209,1530,2013_SKT_6209,2013_SKT_6209,MIG,MIG,0,FWM1,707,38.11391667,-121.706,1,Ht20-89_2012_A12_R1.sort.flt.bam,491196,Ht20-89_2012_A12_R1,Ht20-89_2012_A12_R2,0
BMAG048,B01,AACAACCA,Ht20-02_2012_B01,Ht20-2,Index20,GTGGCC,SFC_09_10,6210,9-Jan-13,2012,NA,27.83,ng/킠,5.4,4.6,NA,NA,70,NA,2013-SKT-6210,2013,SKT,6210,1531,2013_SKT_6210,2013_SKT_6210,FWR,FWR,0,FWR1,719,38.33554,-121.646902,2,Ht20-02_2012_B01_R1.sort.flt.bam,427789,Ht20-02_2012_B01_R1,Ht20-02_2012_B01_R2,1
BMAG048,B02,AACCGAGA,Ht20-10_2012_B02,Ht20-10,Index20,GTGGCC,SFC_09_10,6211,9-Jan-13,2012,NA,46.34,ng/킠,3.2,6.8,NA,NA,65,NA,2013-SKT-6211,2013,SKT,6211,1532,2013_SKT_6211,2013_SKT_6211,FWR,FWR,0,FWR1,719,38.33554,-121.646902,1,Ht20-10_2012_B02_R1.sort.flt.bam,2270120,Ht20-10_2012_B02_R1,Ht20-10_2012_B02_R2,1
BMAG048,B03,AACGCTTA,Ht20-18_2012_B03,Ht20-18,Index20,GTGGCC,SFC_09_10,6212,9-Jan-13,2012,NA,48.8,ng/킠,3.1,6.9,NA,NA,66,NA,2013-SKT-6212,2013,SKT,6212,1533,2013_SKT_6212,2013_SKT_6212,FWR,FWR,0,FWR1,719,38.33554,-121.646902,1,Ht20-18_2012_B03_R1.sort.flt.bam,755762,Ht20-18_2012_B03_R1,Ht20-18_2012_B03_R2,1
BMAG048,B04,AAGACGGA,Ht20-26_2012_B04,Ht20-26,Index20,GTGGCC,SFC_09_10,6213,9-Jan-13,2012,NA,45.02,ng/킠,3.3,6.7,NA,NA,69,NA,2013-SKT-6213,2013,SKT,6213,1534,2013_SKT_6213,2013_SKT_6213,FWR,FWR,0,FWR1,719,38.33554,-121.646902,2,Ht20-26_2012_B04_R1.sort.flt.bam,1045767,Ht20-26_2012_B04_R1,Ht20-26_2012_B04_R2,1
BMAG048,B05,AAGGTACA,Ht20-34_2012_B05,Ht20-34,Index20,GTGGCC,SFC_09_10,6214,9-Jan-13,2012,NA,45.16,ng/킠,3.3,6.7,NA,NA,70,NA,2013-SKT-6214,2013,SKT,6214,1535,2013_SKT_6214,2013_SKT_6214,FWR,FWR,0,FWR1,719,38.33554,-121.646902,1,Ht20-34_2012_B05_R1.sort.flt.bam,364520,Ht20-34_2012_B05_R1,Ht20-34_2012_B05_R2,1
BMAG048,B06,ACACAGAA,Ht20-42_2012_B06,Ht20-42,Index20,GTGGCC,SFC_09_10,6215,9-Jan-13,2012,NA,48.94,ng/킠,3.1,6.9,NA,NA,66,NA,2013-SKT-6215,2013,SKT,6215,1536,2013_SKT_6215,2013_SKT_6215,FWR,FWR,0,FWR1,719,38.33554,-121.646902,2,Ht20-42_2012_B06_R1.sort.flt.bam,1440504,Ht20-42_2012_B06_R1,Ht20-42_2012_B06_R2,1
BMAG048,B07,ACAGCAGA,Ht20-50_2012_B07,Ht20-50,Index20,GTGGCC,SFC_09_10,6216,9-Jan-13,2012,NA,341.66,ng/킠,1,9,NA,NA,79,NA,2013-SKT-6216,2013,SKT,6216,1537,2013_SKT_6216,2013_SKT_6216,MIG,MIG,0,FWM1,719,38.33554,-121.646902,2,Ht20-50_2012_B07_R1.sort.flt.bam,370892,Ht20-50_2012_B07_R1,Ht20-50_2012_B07_R2,0
BMAG048,B08,ACCTCCAA,Ht20-58_2012_B08,Ht20-58,Index20,GTGGCC,SFC_09_10,6217,9-Jan-13,2012,NA,48.24,ng/킠,3.1,6.9,NA,NA,64,NA,2013-SKT-6217,2013,SKT,6217,1538,2013_SKT_6217,2013_SKT_6217,FWR,FWR,0,FWR1,719,38.33554,-121.646902,1,Ht20-58_2012_B08_R1.sort.flt.bam,956108,Ht20-58_2012_B08_R1,Ht20-58_2012_B08_R2,1
BMAG048,B09,ACGCTCGA,Ht20-66_2012_B09,Ht20-66,Index20,GTGGCC,SFC_09_10,6218,9-Jan-13,2012,NA,32.28,ng/킠,4.6,5.4,NA,NA,69,NA,2013-SKT-6218,2013,SKT,6218,1539,2013_SKT_6218,2013_SKT_6218,MIG,MIG,0,FWM2,719,38.33554,-121.646902,1,Ht20-66_2012_B09_R1.sort.flt.bam,780382,Ht20-66_2012_B09_R1,Ht20-66_2012_B09_R2,0
BMAG048,B10,ACGTATCA,Ht20-74_2012_B10,Ht20-74,Index20,GTGGCC,SFC_09_10,6219,9-Jan-13,2012,NA,42.71,ng/킠,3.5,6.5,NA,NA,65,NA,2013-SKT-6219,2013,SKT,6219,1540,2013_SKT_6219,2013_SKT_6219,FWR,FWR,0,FWR1,719,38.33554,-121.646902,2,Ht20-74_2012_B10_R1.sort.flt.bam,320000,Ht20-74_2012_B10_R1,Ht20-74_2012_B10_R2,1
BMAG048,B11,ACTATGCA,Ht20-82_2012_B11,Ht20-82,Index20,GTGGCC,SFC_09_10,6220,9-Jan-13,2012,NA,29.31,ng/킠,5.1,4.9,NA,NA,58,NA,2013-SKT-6220,2013,SKT,6220,1541,2013_SKT_6220,2013_SKT_6220,FWR,FWR,0,FWR1,719,38.33554,-121.646902,1,Ht20-82_2012_B11_R1.sort.flt.bam,284395,Ht20-82_2012_B11_R1,Ht20-82_2012_B11_R2,1
BMAG048,B12,AGAGTCAA,Ht20-90_2012_B12,Ht20-90,Index20,GTGGCC,SFC_09_10,6221,9-Jan-13,2012,NA,49.71,ng/킠,3,7,NA,NA,68,NA,2013-SKT-6221,2013,SKT,6221,1542,2013_SKT_6221,2013_SKT_6221,FWR,FWR,0,FWR1,719,38.33554,-121.646902,1,Ht20-90_2012_B12_R1.sort.flt.bam,699395,Ht20-90_2012_B12_R1,Ht20-90_2012_B12_R2,1
BMAG048,C01,AGATCGCA,Ht20-03_2012_C01,Ht20-3,Index20,GTGGCC,SFC_09_10,6222,9-Jan-13,2012,NA,45.89,ng/킠,3.3,6.7,NA,NA,72,NA,2013-SKT-6222,2013,SKT,6222,1543,2013_SKT_6222,2013_SKT_6222,FWR,FWR,0,FWR1,719,38.33554,-121.646902,1,Ht20-03_2012_C01_R1.sort.flt.bam,568524,Ht20-03_2012_C01_R1,Ht20-03_2012_C01_R2,1
BMAG048,C02,AGCAGGAA,Ht20-11_2012_C02,Ht20-11,Index20,GTGGCC,SFC_09_10,6223,9-Jan-13,2012,NA,41.92,ng/킠,3.6,6.4,NA,NA,60,NA,2013-SKT-6223,2013,SKT,6223,1544,2013_SKT_6223,2013_SKT_6223,FWR,FWR,0,FWR1,719,38.33554,-121.646902,1,Ht20-11_2012_C02_R1.sort.flt.bam,260065,Ht20-11_2012_C02_R1,Ht20-11_2012_C02_R2,1
BMAG048,C03,AGTCACTA,Ht20-19_2012_C03,Ht20-19,Index20,GTGGCC,SFC_09_10,6224,9-Jan-13,2012,NA,44.48,ng/킠,3.4,6.6,NA,NA,65,NA,2013-SKT-6224,2013,SKT,6224,1545,2013_SKT_6224,2013_SKT_6224,FWR,FWR,0,FWR1,719,38.33554,-121.646902,2,Ht20-19_2012_C03_R1.sort.flt.bam,1898297,Ht20-19_2012_C03_R1,Ht20-19_2012_C03_R2,1
BMAG048,C04,ATCCTGTA,Ht20-27_2012_C04,Ht20-27,Index20,GTGGCC,SFC_09_10,6225,9-Jan-13,2012,NA,40.36,ng/킠,3.7,6.3,NA,NA,65,NA,2013-SKT-6225,2013,SKT,6225,1546,2013_SKT_6225,2013_SKT_6225,FWR,FWR,0,FWR1,719,38.33554,-121.646902,2,Ht20-27_2012_C04_R1.sort.flt.bam,528995,Ht20-27_2012_C04_R1,Ht20-27_2012_C04_R2,1
BMAG048,C05,ATTGAGGA,Ht20-35_2012_C05,Ht20-35,Index20,GTGGCC,SFC_09_10,6226,9-Jan-13,2012,NA,169.5,ng/킠,1,9,NA,NA,75,NA,2013-SKT-6226,2013,SKT,6226,1547,2013_SKT_6226,2013_SKT_6226,MIG,MIG,0,FWM1,719,38.33554,-121.646902,1,Ht20-35_2012_C05_R1.sort.flt.bam,500688,Ht20-35_2012_C05_R1,Ht20-35_2012_C05_R2,0
BMAG048,C06,CAACCACA,Ht20-43_2012_C06,Ht20-43,Index20,GTGGCC,SFC_09_10,6227,9-Jan-13,2012,NA,50.28,ng/킠,3,7,NA,NA,65,NA,2013-SKT-6227,2013,SKT,6227,1548,2013_SKT_6227,2013_SKT_6227,FWR,FWR,0,FWR1,719,38.33554,-121.646902,1,Ht20-43_2012_C06_R1.sort.flt.bam,2576610,Ht20-43_2012_C06_R1,Ht20-43_2012_C06_R2,1
BMAG048,C07,CAAGACTA,Ht20-51_2012_C07,Ht20-51,Index20,GTGGCC,SFC_09_10,6228,9-Jan-13,2012,NA,211.78,ng/킠,1,9,NA,NA,70,NA,2013-SKT-6228,2013,SKT,6228,1549,2013_SKT_6228,2013_SKT_6228,FWR,FWR,0,FWR1,719,38.33554,-121.646902,1,Ht20-51_2012_C07_R1.sort.flt.bam,941040,Ht20-51_2012_C07_R1,Ht20-51_2012_C07_R2,1
BMAG048,C08,CAATGGAA,Ht20-59_2012_C08,Ht20-59,Index20,GTGGCC,SFC_09_10,6229,9-Jan-13,2012,NA,39.35,ng/킠,3.8,6.2,NA,NA,58,NA,2013-SKT-6229,2013,SKT,6229,1550,2013_SKT_6229,2013_SKT_6229,FWR,FWR,0,FWR1,719,38.33554,-121.646902,2,Ht20-59_2012_C08_R1.sort.flt.bam,1037227,Ht20-59_2012_C08_R1,Ht20-59_2012_C08_R2,1
BMAG048,C09,CACTTCGA,Ht20-67_2012_C09,Ht20-67,Index20,GTGGCC,SFC_09_10,6230,9-Jan-13,2012,NA,43.34,ng/킠,3.5,6.5,NA,NA,67,NA,2013-SKT-6230,2013,SKT,6230,1551,2013_SKT_6230,2013_SKT_6230,FWR,FWR,0,FWR1,719,38.33554,-121.646902,1,Ht20-67_2012_C09_R1.sort.flt.bam,835028,Ht20-67_2012_C09_R1,Ht20-67_2012_C09_R2,1
BMAG048,C10,CAGCGTTA,Ht20-75_2012_C10,Ht20-75,Index20,GTGGCC,SFC_09_10,6231,9-Jan-13,2012,NA,46.66,ng/킠,3.2,6.8,NA,NA,66,NA,2013-SKT-6231,2013,SKT,6231,1552,2013_SKT_6231,2013_SKT_6231,FWR,FWR,0,FWR1,719,38.33554,-121.646902,2,Ht20-75_2012_C10_R1.sort.flt.bam,966569,Ht20-75_2012_C10_R1,Ht20-75_2012_C10_R2,1
BMAG048,C11,CATACCAA,Ht20-83_2012_C11,Ht20-83,Index20,GTGGCC,SFC_09_10,6232,9-Jan-13,2012,NA,48.78,ng/킠,3.1,6.9,NA,NA,74,NA,2013-SKT-6232,2013,SKT,6232,1553,2013_SKT_6232,2013_SKT_6232,MIG,MIG,0,FWM1,719,38.33554,-121.646902,1,Ht20-83_2012_C11_R1.sort.flt.bam,550302,Ht20-83_2012_C11_R1,Ht20-83_2012_C11_R2,0
BMAG048,C12,CCAGTTCA,Ht20-91_2012_C12,Ht20-91,Index20,GTGGCC,SFC_09_10,6233,9-Jan-13,2012,NA,25.96,ng/킠,5.8,4.2,NA,NA,56,NA,2013-SKT-6233,2013,SKT,6233,1554,2013_SKT_6233,2013_SKT_6233,FWR,FWR,0,FWR1,719,38.33554,-121.646902,1,Ht20-91_2012_C12_R1.sort.flt.bam,670735,Ht20-91_2012_C12_R1,Ht20-91_2012_C12_R2,1
BMAG048,D01,CCGAAGTA,Ht20-04_2012_D01,Ht20-4,Index20,GTGGCC,SFC_09_10,6234,9-Jan-13,2012,NA,36.19,ng/킠,4.1,5.9,NA,NA,82,NA,2013-SKT-6234,2013,SKT,6234,1555,2013_SKT_6234,2013_SKT_6234,MIG,MIG,0,FWM1,719,38.33554,-121.646902,1,Ht20-04_2012_D01_R1.sort.flt.bam,352397,Ht20-04_2012_D01_R1,Ht20-04_2012_D01_R2,0
BMAG048,D02,CCGTGAGA,Ht20-12_2012_D02,Ht20-12,Index20,GTGGCC,SFC_09_10,6235,9-Jan-13,2012,NA,46.99,ng/킠,3.2,6.8,NA,NA,65,NA,2013-SKT-6235,2013,SKT,6235,1556,2013_SKT_6235,2013_SKT_6235,FWR,FWR,0,FWR1,719,38.33554,-121.646902,2,Ht20-12_2012_D02_R1.sort.flt.bam,578914,Ht20-12_2012_D02_R1,Ht20-12_2012_D02_R2,1
BMAG048,D03,CCTCCTGA,Ht20-20_2012_D03,Ht20-20,Index20,GTGGCC,SFC_09_10,6236,9-Jan-13,2012,NA,421.89,ng/킠,1,9,NA,NA,69,NA,2013-SKT-6236,2013,SKT,6236,1557,2013_SKT_6236,2013_SKT_6236,FWR,FWR,0,FWR1,719,38.33554,-121.646902,1,Ht20-20_2012_D03_R1.sort.flt.bam,474261,Ht20-20_2012_D03_R1,Ht20-20_2012_D03_R2,1
BMAG048,D04,CGAACTTA,Ht20-28_2012_D04,Ht20-28,Index20,GTGGCC,SFC_09_10,6237,9-Jan-13,2012,NA,265.42,ng/킠,1,9,NA,NA,70,NA,2013-SKT-6237,2013,SKT,6237,1558,2013_SKT_6237,2013_SKT_6237,MIG,MIG,0,FWM1,719,38.33554,-121.646902,1,Ht20-28_2012_D04_R1.sort.flt.bam,432323,Ht20-28_2012_D04_R1,Ht20-28_2012_D04_R2,0
BMAG048,D06,CGCATACA,Ht20-44_2012_D06,Ht20-44,Index20,GTGGCC,SFC_09_10,6239,9-Jan-13,2012,NA,402.65,ng/킠,1,9,NA,NA,65,NA,2013-SKT-6239,2013,SKT,6239,1559,2013_SKT_6239,2013_SKT_6239,FWR,FWR,0,FWR1,719,38.33554,-121.646902,1,Ht20-44_2012_D06_R1.sort.flt.bam,140913,Ht20-44_2012_D06_R1,Ht20-44_2012_D06_R2,1
BMAG048,D07,CTCAATGA,Ht20-52_2012_D07,Ht20-52,Index20,GTGGCC,SFC_09_10,6240,9-Jan-13,2012,NA,169.32,ng/킠,1,9,NA,NA,64,NA,2013-SKT-6240,2013,SKT,6240,1560,2013_SKT_6240,2013_SKT_6240,FWR,FWR,0,FWR1,719,38.33554,-121.646902,1,Ht20-52_2012_D07_R1.sort.flt.bam,403974,Ht20-52_2012_D07_R1,Ht20-52_2012_D07_R2,1
BMAG048,D08,CTGAGCCA,Ht20-60_2012_D08,Ht20-60,Index20,GTGGCC,SFC_09_10,6241,9-Jan-13,2012,NA,46.5,ng/킠,3.2,6.8,NA,NA,65,NA,2013-SKT-6241,2013,SKT,6241,1561,2013_SKT_6241,2013_SKT_6241,FWR,FWR,0,FWR1,719,38.33554,-121.646902,2,Ht20-60_2012_D08_R1.sort.flt.bam,1614322,Ht20-60_2012_D08_R1,Ht20-60_2012_D08_R2,1
BMAG048,D09,CTGGCATA,Ht20-68_2012_D09,Ht20-68,Index20,GTGGCC,SFC_09_10,6242,9-Jan-13,2012,NA,187.49,ng/킠,1,9,NA,NA,65,NA,2013-SKT-6242,2013,SKT,6242,1562,2013_SKT_6242,2013_SKT_6242,FWR,FWR,0,FWR1,719,38.33554,-121.646902,1,Ht20-68_2012_D09_R1.sort.flt.bam,402571,Ht20-68_2012_D09_R1,Ht20-68_2012_D09_R2,1
BMAG048,D10,GAATCTGA,Ht20-76_2012_D10,Ht20-76,Index20,GTGGCC,SFC_09_10,6243,9-Jan-13,2012,NA,47.82,ng/킠,3.1,6.9,NA,NA,64,NA,2013-SKT-6243,2013,SKT,6243,1563,2013_SKT_6243,2013_SKT_6243,FWR,FWR,0,FWR1,719,38.33554,-121.646902,1,Ht20-76_2012_D10_R1.sort.flt.bam,1628795,Ht20-76_2012_D10_R1,Ht20-76_2012_D10_R2,1
BMAG048,D11,GACTAGTA,Ht20-84_2012_D11,Ht20-84,Index20,GTGGCC,SFC_09_10,6244,9-Jan-13,2012,NA,354.6,ng/킠,1,9,NA,NA,71,NA,2013-SKT-6244,2013,SKT,6244,1564,2013_SKT_6244,2013_SKT_6244,MIG,MIG,0,FWM1,719,38.33554,-121.646902,1,Ht20-84_2012_D11_R1.sort.flt.bam,171302,Ht20-84_2012_D11_R1,Ht20-84_2012_D11_R2,0
BMAG048,D12,GAGCTGAA,Ht20-92_2012_D12,Ht20-92,Index20,GTGGCC,SFC_09_10,6245,9-Jan-13,2012,NA,41.41,ng/킠,3.6,6.4,NA,NA,64,NA,2013-SKT-6245,2013,SKT,6245,1565,2013_SKT_6245,2013_SKT_6245,FWR,FWR,0,FWR1,719,38.33554,-121.646902,1,Ht20-92_2012_D12_R1.sort.flt.bam,276487,Ht20-92_2012_D12_R1,Ht20-92_2012_D12_R2,1
BMAG048,E01,GATAGACA,Ht20-05_2012_E01,Ht20-5,Index20,GTGGCC,SFC_09_10,6246,9-Jan-13,2012,NA,41.96,ng/킠,3.6,6.4,NA,NA,65,NA,2013-SKT-6246,2013,SKT,6246,1566,2013_SKT_6246,2013_SKT_6246,FWR,FWR,0,FWR1,719,38.33554,-121.646902,1,Ht20-05_2012_E01_R1.sort.flt.bam,1397144,Ht20-05_2012_E01_R1,Ht20-05_2012_E01_R2,1
BMAG048,E02,GCCACATA,Ht20-13_2012_E02,Ht20-13,Index20,GTGGCC,SFC_09_10,6247,9-Jan-13,2012,NA,41.57,ng/킠,3.6,6.4,NA,NA,68,NA,2013-SKT-6247,2013,SKT,6247,1567,2013_SKT_6247,2013_SKT_6247,FWR,FWR,0,FWR1,719,38.33554,-121.646902,2,Ht20-13_2012_E02_R1.sort.flt.bam,680130,Ht20-13_2012_E02_R1,Ht20-13_2012_E02_R2,1
BMAG048,E04,GCTAACGA,Ht20-29_2012_E04,Ht20-29,Index20,GTGGCC,SFC_09_10,6249,9-Jan-13,2012,NA,50,ng/킠,3,7,NA,NA,64,NA,2013-SKT-6249,2013,SKT,6249,1569,2013_SKT_6249,2013_SKT_6249,FWR,FWR,0,FWR1,719,38.33554,-121.646902,1,Ht20-29_2012_E04_R1.sort.flt.bam,732723,Ht20-29_2012_E04_R1,Ht20-29_2012_E04_R2,1
BMAG048,E06,GGAGAACA,Ht20-45_2012_E06,Ht20-45,Index20,GTGGCC,SFC_09_10,6251,9-Jan-13,2012,NA,1368.59,ng/킠,1,9,NA,NA,67,NA,2013-SKT-6251,2013,SKT,6251,1570,2013_SKT_6251,2013_SKT_6251,FWR,FWR,0,FWR1,719,38.33554,-121.646902,1,Ht20-45_2012_E06_R1.sort.flt.bam,934312,Ht20-45_2012_E06_R1,Ht20-45_2012_E06_R2,1
BMAG048,E07,GGTGCGAA,Ht20-53_2012_E07,Ht20-53,Index20,GTGGCC,SFC_09_10,6252,9-Jan-13,2012,NA,190.15,ng/킠,1,9,NA,NA,65,NA,2013-SKT-6252,2013,SKT,6252,1571,2013_SKT_6252,2013_SKT_6252,FWR,FWR,0,FWR1,719,38.33554,-121.646902,1,Ht20-53_2012_E07_R1.sort.flt.bam,201340,Ht20-53_2012_E07_R1,Ht20-53_2012_E07_R2,1
BMAG048,E08,GTACGCAA,Ht20-61_2012_E08,Ht20-61,Index20,GTGGCC,SFC_09_10,6253,9-Jan-13,2012,NA,163.38,ng/킠,1,9,NA,NA,62,NA,2013-SKT-6253,2013,SKT,6253,1572,2013_SKT_6253,2013_SKT_6253,FWR,FWR,0,FWR1,719,38.33554,-121.646902,1,Ht20-61_2012_E08_R1.sort.flt.bam,119087,Ht20-61_2012_E08_R1,Ht20-61_2012_E08_R2,1
BMAG048,E09,GTCGTAGA,Ht20-69_2012_E09,Ht20-69,Index20,GTGGCC,SFC_09_10,6254,9-Jan-13,2012,NA,239.62,ng/킠,1,9,NA,NA,64,NA,2013-SKT-6254,2013,SKT,6254,1573,2013_SKT_6254,2013_SKT_6254,FWR,FWR,0,FWR1,719,38.33554,-121.646902,2,Ht20-69_2012_E09_R1.sort.flt.bam,114305,Ht20-69_2012_E09_R1,Ht20-69_2012_E09_R2,1
BMAG048,E11,GTGTTCTA,Ht20-85_2012_E11,Ht20-85,Index20,GTGGCC,SFC_09_10,6256,9-Jan-13,2012,NA,226.5,ng/킠,1,9,NA,NA,65,NA,2013-SKT-6256,2013,SKT,6256,1575,2013_SKT_6256,2013_SKT_6256,FWR,FWR,0,FWR1,715,38.22219444,-121.672,1,Ht20-85_2012_E11_R1.sort.flt.bam,1204892,Ht20-85_2012_E11_R1,Ht20-85_2012_E11_R2,1
BMAG048,E12,TAGGATGA,Ht20-93_2012_E12,Ht20-93,Index20,GTGGCC,SFC_09_10,6257,9-Jan-13,2012,NA,47.28,ng/킠,3.2,6.8,NA,NA,74,NA,2013-SKT-6257,2013,SKT,6257,1576,2013_SKT_6257,2013_SKT_6257,MIG,MIG,0,FWM1,715,38.22219444,-121.672,2,Ht20-93_2012_E12_R1.sort.flt.bam,1370214,Ht20-93_2012_E12_R1,Ht20-93_2012_E12_R2,0
BMAG048,F01,TATCAGCA,Ht20-06_2012_F01,Ht20-6,Index20,GTGGCC,SFC_09_10,6258,9-Jan-13,2012,NA,35.07,ng/킠,4.3,5.7,NA,NA,62,NA,2013-SKT-6258,2013,SKT,6258,1577,2013_SKT_6258,2013_SKT_6258,FWR,FWR,0,FWR1,715,38.22219444,-121.672,2,Ht20-06_2012_F01_R1.sort.flt.bam,355735,Ht20-06_2012_F01_R1,Ht20-06_2012_F01_R2,1
BMAG048,F02,TCCGTCTA,Ht20-14_2012_F02,Ht20-14,Index20,GTGGCC,SFC_09_10,6259,9-Jan-13,2012,NA,40.97,ng/킠,3.7,6.3,NA,NA,60,NA,2013-SKT-6259,2013,SKT,6259,1578,2013_SKT_6259,2013_SKT_6259,FWR,FWR,0,FWR1,715,38.22219444,-121.672,1,Ht20-14_2012_F02_R1.sort.flt.bam,169243,Ht20-14_2012_F02_R1,Ht20-14_2012_F02_R2,1
BMAG048,F05,TGGAACAA,Ht20-38_2012_F05,Ht20-38,Index20,GTGGCC,SFC_09_10,6262,10-Jan-13,2012,NA,41.94,ng/킠,3.6,6.4,NA,NA,70,NA,2013-SKT-6262,2013,SKT,6262,1581,2013_SKT_6262,2013_SKT_6262,MIG,MIG,0,FWM1,606,38.16938889,-122.022,1,Ht20-38_2012_F05_R1.sort.flt.bam,854233,Ht20-38_2012_F05_R1,Ht20-38_2012_F05_R2,0
BMAG048,F06,TGGCTTCA,Ht20-46_2012_F06,Ht20-46,Index20,GTGGCC,SFC_09_10,6263,10-Jan-13,2012,NA,466.3,ng/킠,1,9,NA,NA,75,NA,2013-SKT-6263,2013,SKT,6263,1582,2013_SKT_6263,2013_SKT_6263,MIG,MIG,0,FWM1,606,38.16938889,-122.022,1,Ht20-46_2012_F06_R1.sort.flt.bam,486354,Ht20-46_2012_F06_R1,Ht20-46_2012_F06_R2,0
BMAG048,F07,TGGTGGTA,Ht20-54_2012_F07,Ht20-54,Index20,GTGGCC,SFC_09_10,6264,10-Jan-13,2012,NA,204.51,ng/킠,1,9,NA,NA,67,NA,2013-SKT-6264,2013,SKT,6264,1583,2013_SKT_6264,2013_SKT_6264,MIG,MIG,0,FWM1,606,38.16938889,-122.022,2,Ht20-54_2012_F07_R1.sort.flt.bam,270762,Ht20-54_2012_F07_R1,Ht20-54_2012_F07_R2,0
BMAG048,F08,TTCACGCA,Ht20-62_2012_F08,Ht20-62,Index20,GTGGCC,SFC_09_10,6265,10-Jan-13,2012,NA,67.81,ng/킠,2.2,7.8,NA,NA,64,NA,2013-SKT-6265,2013,SKT,6265,1584,2013_SKT_6265,2013_SKT_6265,MIG,MIG,0,FWM1,606,38.16938889,-122.022,1,Ht20-62_2012_F08_R1.sort.flt.bam,1147611,Ht20-62_2012_F08_R1,Ht20-62_2012_F08_R2,0
BMAG048,F09,ACACGAGA,Ht20-70_2012_F09,Ht20-70,Index20,GTGGCC,SFC_09_10,6266,10-Jan-13,2012,NA,748.39,ng/킠,1,9,NA,NA,70,NA,2013-SKT-6266,2013,SKT,6266,1585,2013_SKT_6266,2013_SKT_6266,MIG,MIG,0,FWM1,606,38.16938889,-122.022,1,Ht20-70_2012_F09_R1.sort.flt.bam,475906,Ht20-70_2012_F09_R1,Ht20-70_2012_F09_R2,0
BMAG048,F11,AAGGACAC,Ht20-86_2012_F11,Ht20-86,Index20,GTGGCC,SFC_09_10,6268,10-Jan-13,2012,NA,200.79,ng/킠,1,9,NA,NA,69,NA,2013-SKT-6268,2013,SKT,6268,1586,2013_SKT_6268,2013_SKT_6268,MIG,MIG,0,FWM1,606,38.16938889,-122.022,2,Ht20-86_2012_F11_R1.sort.flt.bam,75119,Ht20-86_2012_F11_R1,Ht20-86_2012_F11_R2,0
BMAG048,G01,AATGTTGC,Ht20-07_2012_G01,Ht20-7,Index20,GTGGCC,SFC_09_10,6272,10-Jan-13,2012,NA,44.81,ng/킠,3.3,6.7,NA,NA,80,NA,2013-SKT-6272,2013,SKT,6272,1589,2013_SKT_6272,2013_SKT_6272,MIG,MIG,0,FWM1,606,38.16938889,-122.022,2,Ht20-07_2012_G01_R1.sort.flt.bam,343923,Ht20-07_2012_G01_R1,Ht20-07_2012_G01_R2,0
BMAG048,G02,ACACTGAC,Ht20-15_2012_G02,Ht20-15,Index20,GTGGCC,SFC_09_10,6273,10-Jan-13,2012,NA,43.43,ng/킠,3.5,6.5,NA,NA,62,NA,2013-SKT-6273,2013,SKT,6273,1590,2013_SKT_6273,2013_SKT_6273,MIG,MIG,0,FWM1,606,38.16938889,-122.022,1,Ht20-15_2012_G02_R1.sort.flt.bam,292213,Ht20-15_2012_G02_R1,Ht20-15_2012_G02_R2,0
BMAG048,G03,ACAGATTC,Ht20-23_2012_G03,Ht20-23,Index20,GTGGCC,SFC_09_10,6274,10-Jan-13,2012,NA,49.06,ng/킠,3.1,6.9,NA,NA,74,NA,2013-SKT-6274,2013,SKT,6274,1591,2013_SKT_6274,2013_SKT_6274,MIG,MIG,0,FWM1,606,38.16938889,-122.022,2,Ht20-23_2012_G03_R1.sort.flt.bam,2344437,Ht20-23_2012_G03_R1,Ht20-23_2012_G03_R2,0
BMAG048,G04,AGATGTAC,Ht20-31_2012_G04,Ht20-31,Index20,GTGGCC,SFC_09_10,6275,10-Jan-13,2012,NA,165.95,ng/킠,1,9,NA,NA,68,NA,2013-SKT-6275,2013,SKT,6275,1592,2013_SKT_6275,2013_SKT_6275,MIG,MIG,0,FWM1,606,38.16938889,-122.022,2,Ht20-31_2012_G04_R1.sort.flt.bam,49758,Ht20-31_2012_G04_R1,Ht20-31_2012_G04_R2,0
BMAG048,G05,AGCACCTC,Ht20-39_2012_G05,Ht20-39,Index20,GTGGCC,SFC_09_10,6276,10-Jan-13,2012,NA,354.78,ng/킠,1,9,NA,NA,67,NA,2013-SKT-6276,2013,SKT,6276,1593,2013_SKT_6276,2013_SKT_6276,BWR,MIG,1,FWM2,606,38.16938889,-122.022,1,Ht20-39_2012_G05_R1.sort.flt.bam,406840,Ht20-39_2012_G05_R1,Ht20-39_2012_G05_R2,0
BMAG048,G06,AGCCATGC,Ht20-47_2012_G06,Ht20-47,Index20,GTGGCC,SFC_09_10,6277,10-Jan-13,2012,NA,311.16,ng/킠,1,9,NA,NA,69,NA,2013-SKT-6277,2013,SKT,6277,1594,2013_SKT_6277,2013_SKT_6277,MIG,MIG,0,FWM1,606,38.16938889,-122.022,1,Ht20-47_2012_G06_R1.sort.flt.bam,552288,Ht20-47_2012_G06_R1,Ht20-47_2012_G06_R2,0
BMAG048,G09,ACGACAAG,Ht20-71_2012_G09,Ht20-71,Index20,GTGGCC,SFC_09_10,6280,10-Jan-13,2012,NA,48.45,ng/킠,3.1,6.9,NA,NA,70,NA,2013-SKT-6280,2013,SKT,6280,1597,2013_SKT_6280,2013_SKT_6280,MIG,MIG,0,FWM1,606,38.16938889,-122.022,1,Ht20-71_2012_G09_R1.sort.flt.bam,281521,Ht20-71_2012_G09_R1,Ht20-71_2012_G09_R2,0
BMAG048,G10,ATTGGCTC,Ht20-79_2012_G10,Ht20-79,Index20,GTGGCC,SFC_09_10,6281,10-Jan-13,2012,NA,42.17,ng/킠,3.6,6.4,NA,NA,69,NA,2013-SKT-6281,2013,SKT,6281,1598,2013_SKT_6281,2013_SKT_6281,MIG,MIG,0,FWM2,606,38.16938889,-122.022,2,Ht20-79_2012_G10_R1.sort.flt.bam,1625650,Ht20-79_2012_G10_R1,Ht20-79_2012_G10_R2,0
BMAG048,G11,CAAGGAGC,Ht20-87_2012_G11,Ht20-87,Index20,GTGGCC,SFC_09_10,6282,10-Jan-13,2012,NA,44.24,ng/킠,3.4,6.6,NA,NA,72,NA,2013-SKT-6282,2013,SKT,6282,1599,2013_SKT_6282,2013_SKT_6282,MIG,MIG,0,FWM1,606,38.16938889,-122.022,2,Ht20-87_2012_G11_R1.sort.flt.bam,902609,Ht20-87_2012_G11_R1,Ht20-87_2012_G11_R2,0
BMAG048,G12,CACCTTAC,Ht20-95_2012_G12,Ht20-95,Index20,GTGGCC,SFC_09_10,6283,10-Jan-13,2012,NA,43.78,ng/킠,3.4,6.6,NA,NA,66,NA,2013-SKT-6283,2013,SKT,6283,1600,2013_SKT_6283,2013_SKT_6283,MIG,MIG,0,FWM1,606,38.16938889,-122.022,2,Ht20-95_2012_G12_R1.sort.flt.bam,221758,Ht20-95_2012_G12_R1,Ht20-95_2012_G12_R2,0
BMAG048,H01,CCATCCTC,Ht20-08_2012_H01,Ht20-8,Index20,GTGGCC,SFC_09_10,6284,10-Jan-13,2012,NA,16.49,ng/킠,9,1,NA,NA,60,NA,2013-SKT-6284,2013,SKT,6284,1601,2013_SKT_6284,2013_SKT_6284,MIG,MIG,0,FWM1,606,38.16938889,-122.022,2,Ht20-08_2012_H01_R1.sort.flt.bam,169636,Ht20-08_2012_H01_R1,Ht20-08_2012_H01_R2,0
BMAG048,H03,AGTCAAGC,Ht20-24_2012_H03,Ht20-24,Index20,GTGGCC,SFC_09_10,6286,10-Jan-13,2012,NA,38.84,ng/킠,3.9,6.1,NA,NA,70,NA,2013-SKT-6286,2013,SKT,6286,1603,2013_SKT_6286,2013_SKT_6286,MIG,MIG,0,FWM1,602,38.11611111,-122.031,1,Ht20-24_2012_H03_R1.sort.flt.bam,577463,Ht20-24_2012_H03_R1,Ht20-24_2012_H03_R2,0
BMAG048,H04,CCTCTATC,Ht20-32_2012_H04,Ht20-32,Index20,GTGGCC,SFC_09_10,6287,10-Jan-13,2012,NA,44.68,ng/킠,3.4,6.6,NA,NA,74,NA,2013-SKT-6287,2013,SKT,6287,1604,2013_SKT_6287,2013_SKT_6287,MIG,MIG,0,FWM1,602,38.11611111,-122.031,1,Ht20-32_2012_H04_R1.sort.flt.bam,348663,Ht20-32_2012_H04_R1,Ht20-32_2012_H04_R2,0
BMAG048,H05,CGACACAC,Ht20-40_2012_H05,Ht20-40,Index20,GTGGCC,SFC_09_10,6288,10-Jan-13,2012,NA,49.43,ng/킠,3,7,NA,NA,70,NA,2013-SKT-6288,2013,SKT,6288,1605,2013_SKT_6288,2013_SKT_6288,MIG,MIG,0,FWM2,519,38.07361111,-121.933,2,Ht20-40_2012_H05_R1.sort.flt.bam,613114,Ht20-40_2012_H05_R1,Ht20-40_2012_H05_R2,0
BMAG048,H06,CGGATTGC,Ht20-48_2012_H06,Ht20-48,Index20,GTGGCC,SFC_09_10,6289,10-Jan-13,2012,NA,40.98,ng/킠,3.7,6.3,NA,NA,65,NA,2013-SKT-6289,2013,SKT,6289,1606,2013_SKT_6289,2013_SKT_6289,FWR,FWR,0,FWR1,519,38.07361111,-121.933,2,Ht20-48_2012_H06_R1.sort.flt.bam,489848,Ht20-48_2012_H06_R1,Ht20-48_2012_H06_R2,1
BMAG048,H07,CTAAGGTC,Ht20-56_2012_H07,Ht20-56,Index20,GTGGCC,SFC_09_10,6294,6-Feb-13,2012,NA,41.03,ng/킠,3.7,6.3,NA,NA,64,NA,2013-SKT-6294,2013,SKT,6294,1607,2013_SKT_6294,2013_SKT_6294,FWR,FWR,0,FWR1,719,38.33554,-121.646902,1,Ht20-56_2012_H07_R1.sort.flt.bam,1712015,Ht20-56_2012_H07_R1,Ht20-56_2012_H07_R2,1
BMAG048,H08,GAACAGGC,Ht20-64_2012_H08,Ht20-64,Index20,GTGGCC,SFC_09_10,6297,6-Feb-13,2012,NA,45.88,ng/킠,3.3,6.7,NA,NA,70,NA,2013-SKT-6297,2013,SKT,6297,1608,2013_SKT_6297,2013_SKT_6297,MIG,MIG,0,FWM1,719,38.33554,-121.646902,1,Ht20-64_2012_H08_R1.sort.flt.bam,1261968,Ht20-64_2012_H08_R1,Ht20-64_2012_H08_R2,0
BMAG048,H09,GACAGTGC,Ht20-72_2012_H09,Ht20-72,Index20,GTGGCC,SFC_09_10,6298,6-Feb-13,2012,NA,49.18,ng/킠,3.1,6.9,NA,NA,65,NA,2013-SKT-6298,2013,SKT,6298,1609,2013_SKT_6298,2013_SKT_6298,FWR,FWR,0,FWR1,719,38.33554,-121.646902,2,Ht20-72_2012_H09_R1.sort.flt.bam,142338,Ht20-72_2012_H09_R1,Ht20-72_2012_H09_R2,1
BMAG048,H10,GAGTTAGC,Ht20-80_2012_H10,Ht20-80,Index20,GTGGCC,SFC_09_10,6299,6-Feb-13,2012,NA,41.37,ng/킠,3.6,6.4,NA,NA,71,NA,2013-SKT-6299,2013,SKT,6299,1610,2013_SKT_6299,2013_SKT_6299,MIG,MIG,0,FWM1,719,38.33554,-121.646902,1,Ht20-80_2012_H10_R1.sort.flt.bam,985877,Ht20-80_2012_H10_R1,Ht20-80_2012_H10_R2,0
BMAG048,H11,GATGAATC,Ht20-88_2012_H11,Ht20-88,Index20,GTGGCC,SFC_09_10,6300,6-Feb-13,2012,NA,29.84,ng/킠,5,5,NA,NA,65,NA,2013-SKT-6300,2013,SKT,6300,1611,2013_SKT_6300,2013_SKT_6300,FWR,FWR,0,FWR1,719,38.33554,-121.646902,1,Ht20-88_2012_H11_R1.sort.flt.bam,443020,Ht20-88_2012_H11_R1,Ht20-88_2012_H11_R2,1
BMAG048,H12,GCCAAGAC,Ht20-96_2012_H12,Ht20-96,Index20,GTGGCC,SFC_09_10,6301,6-Feb-13,2012,NA,41.11,ng/킠,3.6,6.4,NA,NA,73,NA,2013-SKT-6301,2013,SKT,6301,1612,2013_SKT_6301,2013_SKT_6301,MIG,MIG,0,FWM1,719,38.33554,-121.646902,1,Ht20-96_2012_H12_R1.sort.flt.bam,556978,Ht20-96_2012_H12_R1,Ht20-96_2012_H12_R2,0
BMAG047,A01,ACAAGCTA,Ht19-01_2012_A01,Ht19-1,Index19,GTGAAA,SFC_09_11,6302,6-Feb-13,2012,1,18.87,ng/킠,8,2,NA,3,65,NA,2013-SKT-6302,2013,SKT,6302,1613,2013_SKT_6302,2013_SKT_6302,FWR,FWR,0,FWR1,719,38.33554,-121.646902,1,Ht19-01_2012_A01_R1.sort.flt.bam,1027963,Ht19-01_2012_A01_R1,Ht19-01_2012_A01_R2,1
BMAG047,A02,AAACATCG,Ht19-09_2012_A02,Ht19-9,Index19,GTGAAA,SFC_09_11,6308,6-Feb-13,2012,1,34.17,ng/킠,4.4,5.6,NA,3,55,NA,2013-SKT-6308,2013,SKT,6308,1614,2013_SKT_6308,2013_SKT_6308,FWR,FWR,0,FWR1,719,38.33554,-121.646902,1,Ht19-09_2012_A02_R1.sort.flt.bam,1741406,Ht19-09_2012_A02_R1,Ht19-09_2012_A02_R2,1
BMAG047,A03,ACATTGGC,Ht19-17_2012_A03,Ht19-17,Index19,GTGAAA,SFC_09_11,6309,6-Feb-13,2012,1,39.95,ng/킠,3.8,6.2,NA,4,65,NA,2013-SKT-6309,2013,SKT,6309,1615,2013_SKT_6309,2013_SKT_6309,FWR,FWR,0,FWR1,719,38.33554,-121.646902,1,Ht19-17_2012_A03_R1.sort.flt.bam,1120939,Ht19-17_2012_A03_R1,Ht19-17_2012_A03_R2,1
BMAG047,A04,ACCACTGT,Ht19-25_2012_A04,Ht19-25,Index19,GTGAAA,SFC_09_11,6310,6-Feb-13,2012,1,41.75,ng/킠,3.6,6.4,NA,4,71,NA,2013-SKT-6310,2013,SKT,6310,1616,2013_SKT_6310,2013_SKT_6310,MIG,MIG,0,FWM1,719,38.33554,-121.646902,1,Ht19-25_2012_A04_R1.sort.flt.bam,489787,Ht19-25_2012_A04_R1,Ht19-25_2012_A04_R2,0
BMAG047,A05,AACGTGAT,Ht19-33_2012_A05,Ht19-33,Index19,GTGAAA,SFC_09_11,6312,6-Feb-13,2012,1,48.14,ng/킠,3.1,6.9,NA,4,68,NA,2013-SKT-6312,2013,SKT,6312,1617,2013_SKT_6312,2013_SKT_6312,FWR,FWR,0,FWR1,719,38.33554,-121.646902,1,Ht19-33_2012_A05_R1.sort.flt.bam,983126,Ht19-33_2012_A05_R1,Ht19-33_2012_A05_R2,1
BMAG047,A06,CGCTGATC,Ht19-41_2012_A06,Ht19-41,Index19,GTGAAA,SFC_09_11,6316,6-Feb-13,2012,2,44.02,ng/킠,3.4,6.6,NA,3,70,NA,2013-SKT-6316,2013,SKT,6316,1618,2013_SKT_6316,2013_SKT_6316,MIG,MIG,0,FWM1,719,38.33554,-121.646902,2,Ht19-41_2012_A06_R1.sort.flt.bam,547050,Ht19-41_2012_A06_R1,Ht19-41_2012_A06_R2,0
BMAG047,A07,CAGATCTG,Ht19-49_2012_A07,Ht19-49,Index19,GTGAAA,SFC_09_11,6318,6-Feb-13,2012,1,39.63,ng/킠,3.8,6.2,NA,4,65,NA,2013-SKT-6318,2013,SKT,6318,1619,2013_SKT_6318,2013_SKT_6318,FWR,FWR,0,FWR1,719,38.33554,-121.646902,1,Ht19-49_2012_A07_R1.sort.flt.bam,1318459,Ht19-49_2012_A07_R1,Ht19-49_2012_A07_R2,1
BMAG047,A08,ATGCCTAA,Ht19-57_2012_A08,Ht19-57,Index19,GTGAAA,SFC_09_11,6320,6-Feb-13,2012,1,38.62,ng/킠,3.9,6.1,NA,3,65,NA,2013-SKT-6320,2013,SKT,6320,1620,2013_SKT_6320,2013_SKT_6320,MIG,MIG,0,FWM1,719,38.33554,-121.646902,1,Ht19-57_2012_A08_R1.sort.flt.bam,1252721,Ht19-57_2012_A08_R1,Ht19-57_2012_A08_R2,0
BMAG047,A09,AACGAACG,Ht19-65_2012_A09,Ht19-65,Index19,GTGAAA,SFC_09_11,6322,6-Feb-13,2012,1,29.01,ng/킠,5.2,4.8,NA,4,60,NA,2013-SKT-6322,2013,SKT,6322,1621,2013_SKT_6322,2013_SKT_6322,FWR,FWR,0,FWR1,719,38.33554,-121.646902,1,Ht19-65_2012_A09_R1.sort.flt.bam,1495639,Ht19-65_2012_A09_R1,Ht19-65_2012_A09_R2,1
BMAG047,A10,AGTACAAG,Ht19-73_2012_A10,Ht19-73,Index19,GTGAAA,SFC_09_11,6323,6-Feb-13,2012,2,30.57,ng/킠,4.9,5.1,NA,3,65,NA,2013-SKT-6323,2013,SKT,6323,1622,2013_SKT_6323,2013_SKT_6323,FWR,FWR,0,FWR1,719,38.33554,-121.646902,2,Ht19-73_2012_A10_R1.sort.flt.bam,810695,Ht19-73_2012_A10_R1,Ht19-73_2012_A10_R2,1
BMAG047,A11,CATCAAGT,Ht19-81_2012_A11,Ht19-81,Index19,GTGAAA,SFC_09_11,6324,6-Feb-13,2012,1,37.29,ng/킠,4,6,NA,3,60,NA,2013-SKT-6324,2013,SKT,6324,1623,2013_SKT_6324,2013_SKT_6324,FWR,FWR,0,FWR1,719,38.33554,-121.646902,1,Ht19-81_2012_A11_R1.sort.flt.bam,1521453,Ht19-81_2012_A11_R1,Ht19-81_2012_A11_R2,1
BMAG047,A12,AGTGGTCA,Ht19-89_2012_A12,Ht19-89,Index19,GTGAAA,SFC_09_11,6327,6-Feb-13,2012,2,39.71,ng/킠,3.8,6.2,NA,3,73,NA,2013-SKT-6327,2013,SKT,6327,1624,2013_SKT_6327,2013_SKT_6327,FWR,FWR,0,FWR1,719,38.33554,-121.646902,2,Ht19-89_2012_A12_R1.sort.flt.bam,772058,Ht19-89_2012_A12_R1,Ht19-89_2012_A12_R2,1
BMAG047,B01,AACAACCA,Ht19-02_2012_B01,Ht19-2,Index19,GTGAAA,SFC_09_11,6328,6-Feb-13,2012,2,42.07,ng/킠,3.6,6.4,NA,3,70,NA,2013-SKT-6328,2013,SKT,6328,1625,2013_SKT_6328,2013_SKT_6328,FWR,FWR,0,FWR1,719,38.33554,-121.646902,2,Ht19-02_2012_B01_R1.sort.flt.bam,1050246,Ht19-02_2012_B01_R1,Ht19-02_2012_B01_R2,1
BMAG047,B02,AACCGAGA,Ht19-10_2012_B02,Ht19-10,Index19,GTGAAA,SFC_09_11,6329,6-Feb-13,2012,2,47.46,ng/킠,3.2,6.8,NA,3,70,NA,2013-SKT-6329,2013,SKT,6329,1626,2013_SKT_6329,2013_SKT_6329,FWR,FWR,0,FWR1,719,38.33554,-121.646902,2,Ht19-10_2012_B02_R1.sort.flt.bam,1859274,Ht19-10_2012_B02_R1,Ht19-10_2012_B02_R2,1
BMAG047,B03,AACGCTTA,Ht19-18_2012_B03,Ht19-18,Index19,GTGAAA,SFC_09_11,6330,6-Feb-13,2012,1,261.37,ng/킠,1,9,NA,3,70,NA,2013-SKT-6330,2013,SKT,6330,1627,2013_SKT_6330,2013_SKT_6330,FWR,FWR,0,FWR1,719,38.33554,-121.646902,1,Ht19-18_2012_B03_R1.sort.flt.bam,858752,Ht19-18_2012_B03_R1,Ht19-18_2012_B03_R2,1
BMAG047,B04,AAGACGGA,Ht19-26_2012_B04,Ht19-26,Index19,GTGAAA,SFC_09_11,6331,6-Feb-13,2012,1,45.71,ng/킠,3.3,6.7,NA,4,68,NA,2013-SKT-6331,2013,SKT,6331,1628,2013_SKT_6331,2013_SKT_6331,FWR,FWR,0,FWR1,719,38.33554,-121.646902,1,Ht19-26_2012_B04_R1.sort.flt.bam,1530740,Ht19-26_2012_B04_R1,Ht19-26_2012_B04_R2,1
BMAG047,B06,ACACAGAA,Ht19-42_2012_B06,Ht19-42,Index19,GTGAAA,SFC_09_11,6336,6-Feb-13,2012,1,308.93,ng/킠,1,9,NA,4,66,NA,2013-SKT-6336,2013,SKT,6336,1629,2013_SKT_6336,2013_SKT_6336,FWR,FWR,0,FWR1,719,38.33554,-121.646902,1,Ht19-42_2012_B06_R1.sort.flt.bam,190568,Ht19-42_2012_B06_R1,Ht19-42_2012_B06_R2,1
BMAG047,B07,ACAGCAGA,Ht19-50_2012_B07,Ht19-50,Index19,GTGAAA,SFC_09_11,6339,6-Feb-13,2012,2,42.51,ng/킠,3.5,6.5,NA,3,62,NA,2013-SKT-6339,2013,SKT,6339,1630,2013_SKT_6339,2013_SKT_6339,FWR,FWR,0,FWR1,719,38.33554,-121.646902,2,Ht19-50_2012_B07_R1.sort.flt.bam,657165,Ht19-50_2012_B07_R1,Ht19-50_2012_B07_R2,1
BMAG047,B08,ACCTCCAA,Ht19-58_2012_B08,Ht19-58,Index19,GTGAAA,SFC_09_11,6340,6-Feb-13,2012,1,37.78,ng/킠,4,6,NA,4,74,NA,2013-SKT-6340,2013,SKT,6340,1631,2013_SKT_6340,2013_SKT_6340,MIG,MIG,0,FWM1,719,38.33554,-121.646902,1,Ht19-58_2012_B08_R1.sort.flt.bam,1379069,Ht19-58_2012_B08_R1,Ht19-58_2012_B08_R2,0
BMAG047,B09,ACGCTCGA,Ht19-66_2012_B09,Ht19-66,Index19,GTGAAA,SFC_09_11,6341,6-Feb-13,2012,1,48.46,ng/킠,3.1,6.9,NA,4,79,NA,2013-SKT-6341,2013,SKT,6341,1632,2013_SKT_6341,2013_SKT_6341,MIG,MIG,0,FWM2,719,38.33554,-121.646902,1,Ht19-66_2012_B09_R1.sort.flt.bam,1258453,Ht19-66_2012_B09_R1,Ht19-66_2012_B09_R2,0
BMAG047,B10,ACGTATCA,Ht19-74_2012_B10,Ht19-74,Index19,GTGAAA,SFC_09_11,6343,6-Feb-13,2012,1,30.88,ng/킠,4.9,5.1,NA,3,60,NA,2013-SKT-6343,2013,SKT,6343,1633,2013_SKT_6343,2013_SKT_6343,FWR,FWR,0,FWR1,719,38.33554,-121.646902,1,Ht19-74_2012_B10_R1.sort.flt.bam,817667,Ht19-74_2012_B10_R1,Ht19-74_2012_B10_R2,1
BMAG047,B11,ACTATGCA,Ht19-82_2012_B11,Ht19-82,Index19,GTGAAA,SFC_09_11,6346,6-Feb-13,2012,1,46.87,ng/킠,3.2,6.8,NA,3,70,NA,2013-SKT-6346,2013,SKT,6346,1634,2013_SKT_6346,2013_SKT_6346,FWR,FWR,0,FWR1,719,38.33554,-121.646902,1,Ht19-82_2012_B11_R1.sort.flt.bam,586641,Ht19-82_2012_B11_R1,Ht19-82_2012_B11_R2,1
BMAG047,B12,AGAGTCAA,Ht19-90_2012_B12,Ht19-90,Index19,GTGAAA,SFC_09_11,6348,6-Feb-13,2012,1,40.07,ng/킠,3.7,6.3,NA,3,60,NA,2013-SKT-6348,2013,SKT,6348,1635,2013_SKT_6348,2013_SKT_6348,FWR,FWR,0,FWR1,719,38.33554,-121.646902,1,Ht19-90_2012_B12_R1.sort.flt.bam,549007,Ht19-90_2012_B12_R1,Ht19-90_2012_B12_R2,1
BMAG047,C01,AGATCGCA,Ht19-03_2012_C01,Ht19-3,Index19,GTGAAA,SFC_09_11,6351,6-Feb-13,2012,1,46.79,ng/킠,3.2,6.8,NA,3,64,NA,2013-SKT-6351,2013,SKT,6351,1636,2013_SKT_6351,2013_SKT_6351,FWR,FWR,0,FWR1,719,38.33554,-121.646902,1,Ht19-03_2012_C01_R1.sort.flt.bam,1800825,Ht19-03_2012_C01_R1,Ht19-03_2012_C01_R2,1
BMAG047,C02,AGCAGGAA,Ht19-11_2012_C02,Ht19-11,Index19,GTGAAA,SFC_09_11,6353,6-Feb-13,2012,2,42.63,ng/킠,3.5,6.5,NA,3,67,NA,2013-SKT-6353,2013,SKT,6353,1637,2013_SKT_6353,2013_SKT_6353,FWR,FWR,0,FWR1,719,38.33554,-121.646902,2,Ht19-11_2012_C02_R1.sort.flt.bam,731578,Ht19-11_2012_C02_R1,Ht19-11_2012_C02_R2,1
BMAG047,C03,AGTCACTA,Ht19-19_2012_C03,Ht19-19,Index19,GTGAAA,SFC_09_11,6354,6-Feb-13,2012,2,25.21,ng/킠,6,4,NA,3,70,NA,2013-SKT-6354,2013,SKT,6354,1638,2013_SKT_6354,2013_SKT_6354,FWR,FWR,0,FWR1,719,38.33554,-121.646902,2,Ht19-19_2012_C03_R1.sort.flt.bam,1029682,Ht19-19_2012_C03_R1,Ht19-19_2012_C03_R2,1
BMAG047,C04,ATCCTGTA,Ht19-27_2012_C04,Ht19-27,Index19,GTGAAA,SFC_09_11,6356,6-Feb-13,2012,2,41.24,ng/킠,3.6,6.4,NA,3,71,NA,2013-SKT-6356,2013,SKT,6356,1639,2013_SKT_6356,2013_SKT_6356,MIG,MIG,0,FWM1,719,38.33554,-121.646902,2,Ht19-27_2012_C04_R1.sort.flt.bam,1036933,Ht19-27_2012_C04_R1,Ht19-27_2012_C04_R2,0
BMAG047,C05,ATTGAGGA,Ht19-35_2012_C05,Ht19-35,Index19,GTGAAA,SFC_09_11,6358,7-Feb-13,2012,2,44.09,ng/킠,3.4,6.6,NA,3,72,NA,2013-SKT-6358,2013,SKT,6358,1640,2013_SKT_6358,2013_SKT_6358,MIG,MIG,0,FWM1,606,38.16938889,-122.022,2,Ht19-35_2012_C05_R1.sort.flt.bam,1410533,Ht19-35_2012_C05_R1,Ht19-35_2012_C05_R2,0
BMAG047,C08,CAATGGAA,Ht19-59_2012_C08,Ht19-59,Index19,GTGAAA,SFC_09_11,6366,7-Feb-13,2012,2,121.18,ng/킠,1.2,8.8,NA,2,70,NA,2013-SKT-6366,2013,SKT,6366,1642,2013_SKT_6366,2013_SKT_6366,MIG,MIG,0,FWM1,609,38.167744,-121.934369,2,Ht19-59_2012_C08_R1.sort.flt.bam,815343,Ht19-59_2012_C08_R1,Ht19-59_2012_C08_R2,0
BMAG047,C09,CACTTCGA,Ht19-67_2012_C09,Ht19-67,Index19,GTGAAA,SFC_09_11,6367,7-Feb-13,2012,2,43.72,ng/킠,3.4,6.6,NA,3,65,NA,2013-SKT-6367,2013,SKT,6367,1643,2013_SKT_6367,2013_SKT_6367,MIG,MIG,0,FWM1,609,38.167744,-121.934369,2,Ht19-67_2012_C09_R1.sort.flt.bam,1207096,Ht19-67_2012_C09_R1,Ht19-67_2012_C09_R2,0
BMAG047,C10,CAGCGTTA,Ht19-75_2012_C10,Ht19-75,Index19,GTGAAA,SFC_09_11,6369,7-Feb-13,2012,2,267.58,ng/킠,1,9,NA,3,77,NA,2013-SKT-6369,2013,SKT,6369,1644,2013_SKT_6369,2013_SKT_6369,MIG,MIG,0,FWM1,609,38.167744,-121.934369,2,Ht19-75_2012_C10_R1.sort.flt.bam,387341,Ht19-75_2012_C10_R1,Ht19-75_2012_C10_R2,0
BMAG047,C11,CATACCAA,Ht19-83_2012_C11,Ht19-83,Index19,GTGAAA,SFC_09_11,6370,7-Feb-13,2012,1,212.8,ng/킠,1,9,NA,3,68,NA,2013-SKT-6370,2013,SKT,6370,1645,2013_SKT_6370,2013_SKT_6370,MIG,MIG,0,FWM1,609,38.167744,-121.934369,1,Ht19-83_2012_C11_R1.sort.flt.bam,231858,Ht19-83_2012_C11_R1,Ht19-83_2012_C11_R2,0
BMAG047,C12,CCAGTTCA,Ht19-91_2012_C12,Ht19-91,Index19,GTGAAA,SFC_09_11,6371,7-Feb-13,2012,1,252.36,ng/킠,1,9,NA,3,72,NA,2013-SKT-6371,2013,SKT,6371,1646,2013_SKT_6371,2013_SKT_6371,MIG,MIG,0,FWM1,609,38.167744,-121.934369,1,Ht19-91_2012_C12_R1.sort.flt.bam,541659,Ht19-91_2012_C12_R1,Ht19-91_2012_C12_R2,0
BMAG047,D01,CCGAAGTA,Ht19-04_2012_D01,Ht19-4,Index19,GTGAAA,SFC_09_11,6372,7-Feb-13,2012,1,40.61,ng/킠,3.7,6.3,NA,3,67,NA,2013-SKT-6372,2013,SKT,6372,1647,2013_SKT_6372,2013_SKT_6372,MIG,MIG,0,FWM1,609,38.167744,-121.934369,1,Ht19-04_2012_D01_R1.sort.flt.bam,921971,Ht19-04_2012_D01_R1,Ht19-04_2012_D01_R2,0
BMAG047,D02,CCGTGAGA,Ht19-12_2012_D02,Ht19-12,Index19,GTGAAA,SFC_09_11,6373,7-Feb-13,2012,2,48.48,ng/킠,3.1,6.9,NA,3,71,NA,2013-SKT-6373,2013,SKT,6373,1648,2013_SKT_6373,2013_SKT_6373,MIG,MIG,0,FWM1,609,38.167744,-121.934369,2,Ht19-12_2012_D02_R1.sort.flt.bam,970887,Ht19-12_2012_D02_R1,Ht19-12_2012_D02_R2,0
BMAG047,D05,CGACTGGA,Ht19-36_2012_D05,Ht19-36,Index19,GTGAAA,SFC_09_11,6377,7-Feb-13,2012,1,47.61,ng/킠,3.2,6.8,NA,2,70,NA,2013-SKT-6377,2013,SKT,6377,1651,2013_SKT_6377,2013_SKT_6377,MIG,MIG,0,FWM1,609,38.167744,-121.934369,1,Ht19-36_2012_D05_R1.sort.flt.bam,1673769,Ht19-36_2012_D05_R1,Ht19-36_2012_D05_R2,0
BMAG047,D06,CGCATACA,Ht19-44_2012_D06,Ht19-44,Index19,GTGAAA,SFC_09_11,6378,7-Feb-13,2012,2,48.3,ng/킠,3.1,6.9,NA,3,80,NA,2013-SKT-6378,2013,SKT,6378,1652,2013_SKT_6378,2013_SKT_6378,MIG,MIG,0,FWM1,609,38.167744,-121.934369,2,Ht19-44_2012_D06_R1.sort.flt.bam,1423761,Ht19-44_2012_D06_R1,Ht19-44_2012_D06_R2,0
BMAG047,D08,CTGAGCCA,Ht19-60_2012_D08,Ht19-60,Index19,GTGAAA,SFC_09_11,6380,7-Feb-13,2012,2,337.57,ng/킠,1,9,NA,2,73,NA,2013-SKT-6380,2013,SKT,6380,1654,2013_SKT_6380,2013_SKT_6380,MIG,MIG,0,FWM1,609,38.167744,-121.934369,2,Ht19-60_2012_D08_R1.sort.flt.bam,1514405,Ht19-60_2012_D08_R1,Ht19-60_2012_D08_R2,0
BMAG047,D10,GAATCTGA,Ht19-76_2012_D10,Ht19-76,Index19,GTGAAA,SFC_09_11,6383,7-Feb-13,2012,2,240.74,ng/킠,1,9,NA,3,83,NA,2013-SKT-6383,2013,SKT,6383,1655,2013_SKT_6383,2013_SKT_6383,MIG,MIG,0,FWM1,609,38.167744,-121.934369,2,Ht19-76_2012_D10_R1.sort.flt.bam,682290,Ht19-76_2012_D10_R1,Ht19-76_2012_D10_R2,0
BMAG047,D11,GACTAGTA,Ht19-84_2012_D11,Ht19-84,Index19,GTGAAA,SFC_09_11,6386,7-Feb-13,2012,1,207.4,ng/킠,1,9,NA,4,70,NA,2013-SKT-6386,2013,SKT,6386,1656,2013_SKT_6386,2013_SKT_6386,MIG,MIG,0,FWM1,610,38.167744,-121.934369,1,Ht19-84_2012_D11_R1.sort.flt.bam,350051,Ht19-84_2012_D11_R1,Ht19-84_2012_D11_R2,0
BMAG047,D12,GAGCTGAA,Ht19-92_2012_D12,Ht19-92,Index19,GTGAAA,SFC_09_11,6388,7-Feb-13,2012,1,42.59,ng/킠,3.5,6.5,NA,4,72,NA,2013-SKT-6388,2013,SKT,6388,1657,2013_SKT_6388,2013_SKT_6388,MIG,MIG,0,FWM1,610,38.167744,-121.934369,1,Ht19-92_2012_D12_R1.sort.flt.bam,692391,Ht19-92_2012_D12_R1,Ht19-92_2012_D12_R2,0
BMAG047,E01,GATAGACA,Ht19-05_2012_E01,Ht19-5,Index19,GTGAAA,SFC_09_11,6389,7-Feb-13,2012,1,301.72,ng/킠,1,9,NA,4,75,NA,2013-SKT-6389,2013,SKT,6389,1658,2013_SKT_6389,2013_SKT_6389,MIG,MIG,0,FWM1,610,38.167744,-121.934369,1,Ht19-05_2012_E01_R1.sort.flt.bam,804278,Ht19-05_2012_E01_R1,Ht19-05_2012_E01_R2,0
BMAG047,E02,GCCACATA,Ht19-13_2012_E02,Ht19-13,Index19,GTGAAA,SFC_09_11,6390,5-Mar-13,2012,2,288.1,ng/킠,1,9,NA,6,78,NA,2013-SKT-6390,2013,SKT,6390,1659,2013_SKT_6390,2013_SKT_6390,MIG,MIG,0,FWM1,508,38.04719444,-121.923,2,Ht19-13_2012_E02_R1.sort.flt.bam,541073,Ht19-13_2012_E02_R1,Ht19-13_2012_E02_R2,0
BMAG047,E04,GCTAACGA,Ht19-29_2012_E04,Ht19-29,Index19,GTGAAA,SFC_09_11,6397,6-Mar-13,2012,2,290.1,ng/킠,1,9,NA,6,75,NA,2013-SKT-6397,2013,SKT,6397,1661,2013_SKT_6397,2013_SKT_6397,MIG,MIG,0,FWM1,704,38.06941667,-121.775,2,Ht19-29_2012_E04_R1.sort.flt.bam,844592,Ht19-29_2012_E04_R1,Ht19-29_2012_E04_R2,0
BMAG047,E05,GCTCGGTA,Ht19-37_2012_E05,Ht19-37,Index19,GTGAAA,SFC_09_11,6398,6-Mar-13,2012,1,367.31,ng/킠,1,9,NA,4,70,NA,2013-SKT-6398,2013,SKT,6398,1662,2013_SKT_6398,2013_SKT_6398,MIG,MIG,0,FWM1,704,38.06941667,-121.775,1,Ht19-37_2012_E05_R1.sort.flt.bam,426946,Ht19-37_2012_E05_R1,Ht19-37_2012_E05_R2,0
BMAG047,E06,GGAGAACA,Ht19-45_2012_E06,Ht19-45,Index19,GTGAAA,SFC_09_11,6399,6-Mar-13,2012,2,221.21,ng/킠,1,9,NA,6,79,NA,2013-SKT-6399,2013,SKT,6399,1663,2013_SKT_6399,2013_SKT_6399,MIG,MIG,0,FWM1,704,38.06941667,-121.775,2,Ht19-45_2012_E06_R1.sort.flt.bam,848074,Ht19-45_2012_E06_R1,Ht19-45_2012_E06_R2,0
BMAG047,E08,GTACGCAA,Ht19-61_2012_E08,Ht19-61,Index19,GTGAAA,SFC_09_11,6401,6-Mar-13,2012,2,167.64,ng/킠,1,9,NA,6,74,NA,2013-SKT-6401,2013,SKT,6401,1665,2013_SKT_6401,2013_SKT_6401,MIG,MIG,0,FWM1,704,38.06941667,-121.775,2,Ht19-61_2012_E08_R1.sort.flt.bam,455207,Ht19-61_2012_E08_R1,Ht19-61_2012_E08_R2,0
BMAG047,E09,GTCGTAGA,Ht19-69_2012_E09,Ht19-69,Index19,GTGAAA,SFC_09_11,6402,6-Mar-13,2012,2,424.28,ng/킠,1,9,NA,6,75,NA,2013-SKT-6402,2013,SKT,6402,1666,2013_SKT_6402,2013_SKT_6402,MIG,MIG,0,FWM1,704,38.06941667,-121.775,2,Ht19-69_2012_E09_R1.sort.flt.bam,1024833,Ht19-69_2012_E09_R1,Ht19-69_2012_E09_R2,0
BMAG047,E10,GTCTGTCA,Ht19-77_2012_E10,Ht19-77,Index19,GTGAAA,SFC_09_11,6403,6-Mar-13,2012,2,197.18,ng/킠,1,9,NA,3,70,NA,2013-SKT-6403,2013,SKT,6403,1667,2013_SKT_6403,2013_SKT_6403,MIG,MIG,0,FWM1,704,38.06941667,-121.775,2,Ht19-77_2012_E10_R1.sort.flt.bam,927381,Ht19-77_2012_E10_R1,Ht19-77_2012_E10_R2,0
BMAG047,E11,GTGTTCTA,Ht19-85_2012_E11,Ht19-85,Index19,GTGAAA,SFC_09_11,6404,6-Mar-13,2012,1,749.81,ng/킠,1,9,NA,4,69,NA,2013-SKT-6404,2013,SKT,6404,1668,2013_SKT_6404,2013_SKT_6404,MIG,MIG,0,FWM2,706,38.09169444,-121.739,1,Ht19-85_2012_E11_R1.sort.flt.bam,675714,Ht19-85_2012_E11_R1,Ht19-85_2012_E11_R2,0
BMAG047,E12,TAGGATGA,Ht19-93_2012_E12,Ht19-93,Index19,GTGAAA,SFC_09_11,6405,6-Mar-13,2012,2,119.78,ng/킠,1.3,8.7,NA,3,73,NA,2013-SKT-6405,2013,SKT,6405,1669,2013_SKT_6405,2013_SKT_6405,MIG,MIG,0,FWM1,706,38.09169444,-121.739,2,Ht19-93_2012_E12_R1.sort.flt.bam,467669,Ht19-93_2012_E12_R1,Ht19-93_2012_E12_R2,0
BMAG047,F01,TATCAGCA,Ht19-06_2012_F01,Ht19-6,Index19,GTGAAA,SFC_09_11,6406,6-Mar-13,2012,1,46.57,ng/킠,3.2,6.8,NA,4,62,NA,2013-SKT-6406,2013,SKT,6406,1670,2013_SKT_6406,2013_SKT_6406,MIG,MIG,0,FWM1,706,38.09169444,-121.739,1,Ht19-06_2012_F01_R1.sort.flt.bam,582793,Ht19-06_2012_F01_R1,Ht19-06_2012_F01_R2,0
BMAG047,F02,TCCGTCTA,Ht19-14_2012_F02,Ht19-14,Index19,GTGAAA,SFC_09_11,6407,6-Mar-13,2012,2,48.33,ng/킠,3.1,6.9,NA,3,70,NA,2013-SKT-6407,2013,SKT,6407,1671,2013_SKT_6407,2013_SKT_6407,MIG,MIG,0,FWM1,706,38.09169444,-121.739,2,Ht19-14_2012_F02_R1.sort.flt.bam,694676,Ht19-14_2012_F02_R1,Ht19-14_2012_F02_R2,0
BMAG047,F03,TCTTCACA,Ht19-22_2012_F03,Ht19-22,Index19,GTGAAA,SFC_09_11,6408,6-Mar-13,2012,1,47.14,ng/킠,3.2,6.8,NA,4,69,NA,2013-SKT-6408,2013,SKT,6408,1672,2013_SKT_6408,2013_SKT_6408,MIG,MIG,0,FWM1,706,38.09169444,-121.739,1,Ht19-22_2012_F03_R1.sort.flt.bam,980041,Ht19-22_2012_F03_R1,Ht19-22_2012_F03_R2,0
BMAG047,F04,TGAAGAGA,Ht19-30_2012_F04,Ht19-30,Index19,GTGAAA,SFC_09_11,6409,6-Mar-13,2012,1,174.15,ng/킠,1,9,NA,4,75,NA,2013-SKT-6409,2013,SKT,6409,1673,2013_SKT_6409,2013_SKT_6409,MIG,MIG,0,FWM1,706,38.09169444,-121.739,1,Ht19-30_2012_F04_R1.sort.flt.bam,801304,Ht19-30_2012_F04_R1,Ht19-30_2012_F04_R2,0
BMAG047,F07,TGGTGGTA,Ht19-54_2012_F07,Ht19-54,Index19,GTGAAA,SFC_09_11,6412,7-Mar-13,2012,2,388.23,ng/킠,1,9,NA,3,74,NA,2013-SKT-6412,2013,SKT,6412,1675,2013_SKT_6412,2013_SKT_6412,MIG,MIG,0,FWM1,610,38.167744,-121.934369,2,Ht19-54_2012_F07_R1.sort.flt.bam,250019,Ht19-54_2012_F07_R1,Ht19-54_2012_F07_R2,0
BMAG047,F08,TTCACGCA,Ht19-62_2012_F08,Ht19-62,Index19,GTGAAA,SFC_09_11,6413,7-Mar-13,2012,2,209.4,ng/킠,1,9,NA,3,79,NA,2013-SKT-6413,2013,SKT,6413,1676,2013_SKT_6413,2013_SKT_6413,MIG,MIG,0,FWM1,609,38.167744,-121.934369,2,Ht19-62_2012_F08_R1.sort.flt.bam,769574,Ht19-62_2012_F08_R1,Ht19-62_2012_F08_R2,0
BMAG047,F09,ACACGAGA,Ht19-70_2012_F09,Ht19-70,Index19,GTGAAA,SFC_09_11,6414,7-Mar-13,2012,2,161.13,ng/킠,1,9,NA,6,77,NA,2013-SKT-6414,2013,SKT,6414,1677,2013_SKT_6414,2013_SKT_6414,BWR,MIG,1,FWM1,609,38.167744,-121.934369,2,Ht19-70_2012_F09_R1.sort.flt.bam,1176822,Ht19-70_2012_F09_R1,Ht19-70_2012_F09_R2,0
BMAG047,F11,AAGGACAC,Ht19-86_2012_F11,Ht19-86,Index19,GTGAAA,SFC_09_11,6416,6-Mar-13,2012,1,143.61,ng/킠,1,9,NA,4,66,NA,2013-SKT-6416,2013,SKT,6416,1679,2013_SKT_6416,2013_SKT_6416,MIG,MIG,0,FWM1,719,38.33554,-121.646902,1,Ht19-86_2012_F11_R1.sort.flt.bam,130645,Ht19-86_2012_F11_R1,Ht19-86_2012_F11_R2,0
BMAG047,F12,AATCCGTC,Ht19-94_2012_F12,Ht19-94,Index19,GTGAAA,SFC_09_11,6417,6-Mar-13,2012,2,40.4,ng/킠,3.7,6.3,NA,2,62,NA,2013-SKT-6417,2013,SKT,6417,1680,2013_SKT_6417,2013_SKT_6417,FWR,FWR,0,FWR1,719,38.33554,-121.646902,2,Ht19-94_2012_F12_R1.sort.flt.bam,1020774,Ht19-94_2012_F12_R1,Ht19-94_2012_F12_R2,1
BMAG047,G01,AATGTTGC,Ht19-07_2012_G01,Ht19-7,Index19,GTGAAA,SFC_09_11,6418,6-Mar-13,2012,1,44.53,ng/킠,3.4,6.6,NA,5,64,NA,2013-SKT-6418,2013,SKT,6418,1681,2013_SKT_6418,2013_SKT_6418,FWR,FWR,0,FWR1,719,38.33554,-121.646902,1,Ht19-07_2012_G01_R1.sort.flt.bam,450163,Ht19-07_2012_G01_R1,Ht19-07_2012_G01_R2,1
BMAG047,G02,ACACTGAC,Ht19-15_2012_G02,Ht19-15,Index19,GTGAAA,SFC_09_11,6419,6-Mar-13,2012,2,47.72,ng/킠,3.1,6.9,NA,3,66,NA,2013-SKT-6419,2013,SKT,6419,1682,2013_SKT_6419,2013_SKT_6419,FWR,FWR,0,FWR1,719,38.33554,-121.646902,2,Ht19-15_2012_G02_R1.sort.flt.bam,916125,Ht19-15_2012_G02_R1,Ht19-15_2012_G02_R2,1
BMAG047,G03,ACAGATTC,Ht19-23_2012_G03,Ht19-23,Index19,GTGAAA,SFC_09_11,6420,6-Mar-13,2012,1,46.58,ng/킠,3.2,6.8,NA,4,70,NA,2013-SKT-6420,2013,SKT,6420,1683,2013_SKT_6420,2013_SKT_6420,MIG,MIG,0,FWM1,719,38.33554,-121.646902,1,Ht19-23_2012_G03_R1.sort.flt.bam,1118981,Ht19-23_2012_G03_R1,Ht19-23_2012_G03_R2,0
BMAG047,G04,AGATGTAC,Ht19-31_2012_G04,Ht19-31,Index19,GTGAAA,SFC_09_11,6421,6-Mar-13,2012,2,48.23,ng/킠,3.1,6.9,NA,6,66,NA,2013-SKT-6421,2013,SKT,6421,1684,2013_SKT_6421,2013_SKT_6421,FWR,FWR,0,FWR1,719,38.33554,-121.646902,2,Ht19-31_2012_G04_R1.sort.flt.bam,202786,Ht19-31_2012_G04_R1,Ht19-31_2012_G04_R2,1
BMAG047,G05,AGCACCTC,Ht19-39_2012_G05,Ht19-39,Index19,GTGAAA,SFC_09_11,6422,6-Mar-13,2012,2,199.69,ng/킠,1,9,NA,3,80,NA,2013-SKT-6422,2013,SKT,6422,1685,2013_SKT_6422,2013_SKT_6422,MIG,MIG,0,FWM1,719,38.33554,-121.646902,2,Ht19-39_2012_G05_R1.sort.flt.bam,573085,Ht19-39_2012_G05_R1,Ht19-39_2012_G05_R2,0
BMAG047,G06,AGCCATGC,Ht19-47_2012_G06,Ht19-47,Index19,GTGAAA,SFC_09_11,6423,6-Mar-13,2012,1,199.89,ng/킠,1,9,NA,4,68,NA,2013-SKT-6423,2013,SKT,6423,1686,2013_SKT_6423,2013_SKT_6423,FWR,FWR,0,FWR1,719,38.33554,-121.646902,1,Ht19-47_2012_G06_R1.sort.flt.bam,687131,Ht19-47_2012_G06_R1,Ht19-47_2012_G06_R2,1
BMAG047,G07,AGGCTAAC,Ht19-55_2012_G07,Ht19-55,Index19,GTGAAA,SFC_09_11,6424,6-Mar-13,2012,2,45.57,ng/킠,3.3,6.7,NA,6,73,NA,2013-SKT-6424,2013,SKT,6424,1687,2013_SKT_6424,2013_SKT_6424,MIG,MIG,0,FWM1,719,38.33554,-121.646902,2,Ht19-55_2012_G07_R1.sort.flt.bam,841285,Ht19-55_2012_G07_R1,Ht19-55_2012_G07_R2,0
BMAG047,G08,ATAGCGAC,Ht19-63_2012_G08,Ht19-63,Index19,GTGAAA,SFC_09_11,6425,6-Mar-13,2012,1,47.03,ng/킠,3.2,6.8,NA,6,64,NA,2013-SKT-6425,2013,SKT,6425,1688,2013_SKT_6425,2013_SKT_6425,FWR,FWR,0,FWR1,719,38.33554,-121.646902,1,Ht19-63_2012_G08_R1.sort.flt.bam,561538,Ht19-63_2012_G08_R1,Ht19-63_2012_G08_R2,1
BMAG047,G09,ACGACAAG,Ht19-71_2012_G09,Ht19-71,Index19,GTGAAA,SFC_09_11,6426,6-Mar-13,2012,2,186.97,ng/킠,1,9,NA,3,69,NA,2013-SKT-6426,2013,SKT,6426,1689,2013_SKT_6426,2013_SKT_6426,FWR,FWR,0,FWR1,719,38.33554,-121.646902,2,Ht19-71_2012_G09_R1.sort.flt.bam,1095663,Ht19-71_2012_G09_R1,Ht19-71_2012_G09_R2,1
BMAG047,G10,ATTGGCTC,Ht19-79_2012_G10,Ht19-79,Index19,GTGAAA,SFC_09_11,6427,6-Mar-13,2012,2,46.18,ng/킠,3.2,6.8,NA,6,72,NA,2013-SKT-6427,2013,SKT,6427,1690,2013_SKT_6427,2013_SKT_6427,FWR,FWR,0,FWR1,719,38.33554,-121.646902,2,Ht19-79_2012_G10_R1.sort.flt.bam,1144032,Ht19-79_2012_G10_R1,Ht19-79_2012_G10_R2,1
BMAG047,G12,CACCTTAC,Ht19-95_2012_G12,Ht19-95,Index19,GTGAAA,SFC_09_11,6429,6-Mar-13,2012,2,39.89,ng/킠,3.8,6.2,NA,3,75,NA,2013-SKT-6429,2013,SKT,6429,1692,2013_SKT_6429,2013_SKT_6429,FWR,FWR,0,FWR1,719,38.33554,-121.646902,2,Ht19-95_2012_G12_R1.sort.flt.bam,230069,Ht19-95_2012_G12_R1,Ht19-95_2012_G12_R2,1
BMAG047,H02,CCGACAAC,Ht19-16_2012_H02,Ht19-16,Index19,GTGAAA,SFC_09_11,6431,6-Mar-13,2012,2,44.13,ng/킠,3.4,6.6,NA,3,68,NA,2013-SKT-6431,2013,SKT,6431,1693,2013_SKT_6431,2013_SKT_6431,FWR,FWR,0,FWR1,719,38.33554,-121.646902,2,Ht19-16_2012_H02_R1.sort.flt.bam,195890,Ht19-16_2012_H02_R1,Ht19-16_2012_H02_R2,1
BMAG047,H03,AGTCAAGC,Ht19-24_2012_H03,Ht19-24,Index19,GTGAAA,SFC_09_11,6432,6-Mar-13,2012,2,46.26,ng/킠,3.2,6.8,NA,3,64,NA,2013-SKT-6432,2013,SKT,6432,1694,2013_SKT_6432,2013_SKT_6432,FWR,FWR,0,FWR1,719,38.33554,-121.646902,2,Ht19-24_2012_H03_R1.sort.flt.bam,681477,Ht19-24_2012_H03_R1,Ht19-24_2012_H03_R2,1
BMAG047,H05,CGACACAC,Ht19-40_2012_H05,Ht19-40,Index19,GTGAAA,SFC_09_11,6434,6-Mar-13,2012,2,41.16,ng/킠,3.6,6.4,NA,3,60,NA,2013-SKT-6434,2013,SKT,6434,1696,2013_SKT_6434,2013_SKT_6434,FWR,FWR,0,FWR1,719,38.33554,-121.646902,2,Ht19-40_2012_H05_R1.sort.flt.bam,266984,Ht19-40_2012_H05_R1,Ht19-40_2012_H05_R2,1
BMAG047,H06,CGGATTGC,Ht19-48_2012_H06,Ht19-48,Index19,GTGAAA,SFC_09_11,6435,6-Mar-13,2012,1,38.34,ng/킠,3.9,6.1,NA,6,69,NA,2013-SKT-6435,2013,SKT,6435,1697,2013_SKT_6435,2013_SKT_6435,FWR,FWR,0,FWR1,719,38.33554,-121.646902,1,Ht19-48_2012_H06_R1.sort.flt.bam,887067,Ht19-48_2012_H06_R1,Ht19-48_2012_H06_R2,1
BMAG047,H07,CTAAGGTC,Ht19-56_2012_H07,Ht19-56,Index19,GTGAAA,SFC_09_11,6436,6-Mar-13,2012,2,197.08,ng/킠,1,9,NA,3,69,NA,2013-SKT-6436,2013,SKT,6436,1698,2013_SKT_6436,2013_SKT_6436,MIG,MIG,0,FWM1,719,38.33554,-121.646902,2,Ht19-56_2012_H07_R1.sort.flt.bam,1990868,Ht19-56_2012_H07_R1,Ht19-56_2012_H07_R2,0
BMAG047,H08,GAACAGGC,Ht19-64_2012_H08,Ht19-64,Index19,GTGAAA,SFC_09_11,6437,6-Mar-13,2012,2,43.38,ng/킠,3.5,6.5,NA,3,68,NA,2013-SKT-6437,2013,SKT,6437,1699,2013_SKT_6437,2013_SKT_6437,FWR,FWR,0,FWR1,719,38.33554,-121.646902,2,Ht19-64_2012_H08_R1.sort.flt.bam,2208166,Ht19-64_2012_H08_R1,Ht19-64_2012_H08_R2,1
BMAG047,H09,GACAGTGC,Ht19-72_2012_H09,Ht19-72,Index19,GTGAAA,SFC_09_11,6438,6-Mar-13,2012,2,46.53,ng/킠,3.2,6.8,NA,3,69,NA,2013-SKT-6438,2013,SKT,6438,1700,2013_SKT_6438,2013_SKT_6438,FWR,FWR,0,FWR1,719,38.33554,-121.646902,2,Ht19-72_2012_H09_R1.sort.flt.bam,781317,Ht19-72_2012_H09_R1,Ht19-72_2012_H09_R2,1
BMAG047,H10,GAGTTAGC,Ht19-80_2012_H10,Ht19-80,Index19,GTGAAA,SFC_09_11,6439,6-Mar-13,2012,2,42.37,ng/킠,3.5,6.5,NA,3,65,NA,2013-SKT-6439,2013,SKT,6439,1701,2013_SKT_6439,2013_SKT_6439,FWR,FWR,0,FWR1,719,38.33554,-121.646902,2,Ht19-80_2012_H10_R1.sort.flt.bam,1115351,Ht19-80_2012_H10_R1,Ht19-80_2012_H10_R2,1
BMAG047,H12,GCCAAGAC,Ht19-96_2012_H12,Ht19-96,Index19,GTGAAA,SFC_09_11,6441,7-Mar-13,2012,2,48.07,ng/킠,3.1,6.9,NA,2,80,NA,2013-SKT-6441,2013,SKT,6441,1703,2013_SKT_6441,2013_SKT_6441,MIG,MIG,0,FWM1,606,38.16938889,-122.022,2,Ht19-96_2012_H12_R1.sort.flt.bam,744048,Ht19-96_2012_H12_R1,Ht19-96_2012_H12_R2,0
